"topic","words"
0,"song download app music fix search tube tri phone pleas time wire love look frost updat cant delet play suck"
1,"hog bought"
2,"etc organ add rearrang play town salon fuck request dent resourc restrict pull titl loader cant websit instil devic lea"
3,"band frost shit day wife store pop android super vie slow hit randomli drop fuck occas receiv provid copyright violat"
4,"link wast band copi past score box drop seen instal sing amsun pleas look mobil datum use chrome reason sit"
5,"file lack glitch tube servic life user run share app slow listen video phone person wife connect datum follow viru"
6,"set space run play save delet time tone album chang storag understand review copi past pap tho phone star guy"
7,"galaxi pop servic wire frost think loader annoy bit note feel cool lit enjoy swell kick foot relax wider read"
8,"torrent mix tho person reg bug organ finish etc rearrang complaint remov add download lookup open mention lollipop sister ndrew"
9,"friend save remov past download share last box drop result phone launch name day pull coupl search cant tell viru"
10,"file play wont involf excus frustrat suggest middl bit remov admit say fob contact pound link wast drive appear happen"
